date,factor_Mkt,factor_SMB,factor_HML,asset,return
2022-01-31,-0.3227762143233562,-0.12828422946111642,-0.08664254749376131,Stock_01,-0.3202770871656601
2022-01-31,-0.3227762143233562,-0.12828422946111642,-0.08664254749376131,Stock_02,-0.35642629040980733
2022-01-31,-0.3227762143233562,-0.12828422946111642,-0.08664254749376131,Stock_03,-0.3011867519027434
2022-01-31,-0.3227762143233562,-0.12828422946111642,-0.08664254749376131,Stock_04,-0.2949241252250519
2022-01-31,-0.3227762143233562,-0.12828422946111642,-0.08664254749376131,Stock_05,-0.3097772963931801
2022-01-31,-0.3227762143233562,-0.12828422946111642,-0.08664254749376131,Stock_06,-0.4840950202605634
2022-01-31,-0.3227762143233562,-0.12828422946111642,-0.08664254749376131,Stock_07,-0.32929840887772105
2022-01-31,-0.3227762143233562,-0.12828422946111642,-0.08664254749376131,Stock_08,-0.24408659794611948
2022-01-31,-0.3227762143233562,-0.12828422946111642,-0.08664254749376131,Stock_09,-0.5070133031799303
2022-01-31,-0.3227762143233562,-0.12828422946111642,-0.08664254749376131,Stock_10,-0.5840098142673609
2022-01-31,-0.3227762143233562,-0.12828422946111642,-0.08664254749376131,Stock_11,-0.4947624012130061
2022-01-31,-0.3227762143233562,-0.12828422946111642,-0.08664254749376131,Stock_12,-0.3512012512995669
2022-01-31,-0.3227762143233562,-0.12828422946111642,-0.08664254749376131,Stock_13,-0.3275286514378682
2022-01-31,-0.3227762143233562,-0.12828422946111642,-0.08664254749376131,Stock_14,-0.13050477373215677
2022-01-31,-0.3227762143233562,-0.12828422946111642,-0.08664254749376131,Stock_15,-0.18272274944361055
2022-02-28,-0.13061932298938222,0.04339957205102974,-0.0028132287608229494,Stock_01,-0.07824842063806071
2022-02-28,-0.13061932298938222,0.04339957205102974,-0.0028132287608229494,Stock_02,-0.2073873756647882
2022-02-28,-0.13061932298938222,0.04339957205102974,-0.0028132287608229494,Stock_03,-0.07008835640606453
2022-02-28,-0.13061932298938222,0.04339957205102974,-0.0028132287608229494,Stock_04,-0.15218285995009254
2022-02-28,-0.13061932298938222,0.04339957205102974,-0.0028132287608229494,Stock_05,-0.40805725379782876
2022-02-28,-0.13061932298938222,0.04339957205102974,-0.0028132287608229494,Stock_06,-0.022698396956898154
2022-02-28,-0.13061932298938222,0.04339957205102974,-0.0028132287608229494,Stock_07,0.22121798771990303
2022-02-28,-0.13061932298938222,0.04339957205102974,-0.0028132287608229494,Stock_08,-0.12306812361587785
2022-02-28,-0.13061932298938222,0.04339957205102974,-0.0028132287608229494,Stock_09,-0.04193070795516496
2022-02-28,-0.13061932298938222,0.04339957205102974,-0.0028132287608229494,Stock_10,-0.1919492551282374
2022-02-28,-0.13061932298938222,0.04339957205102974,-0.0028132287608229494,Stock_11,0.0223953535260097
2022-02-28,-0.13061932298938222,0.04339957205102974,-0.0028132287608229494,Stock_12,-0.2171840155297258
2022-02-28,-0.13061932298938222,0.04339957205102974,-0.0028132287608229494,Stock_13,-0.3859837385898288
2022-02-28,-0.13061932298938222,0.04339957205102974,-0.0028132287608229494,Stock_14,0.0830095735276409
2022-02-28,-0.13061932298938222,0.04339957205102974,-0.0028132287608229494,Stock_15,-0.14165526004353773
2022-03-31,-0.15502364546461997,0.147231484478793,0.17537404144907673,Stock_01,-0.09587417414795943
2022-03-31,-0.15502364546461997,0.147231484478793,0.17537404144907673,Stock_02,0.0036013590009458807
2022-03-31,-0.15502364546461997,0.147231484478793,0.17537404144907673,Stock_03,-0.15634635939148725
2022-03-31,-0.15502364546461997,0.147231484478793,0.17537404144907673,Stock_04,-0.10953593057547015
2022-03-31,-0.15502364546461997,0.147231484478793,0.17537404144907673,Stock_05,-0.3049432394828111
2022-03-31,-0.15502364546461997,0.147231484478793,0.17537404144907673,Stock_06,-0.21701950544631
2022-03-31,-0.15502364546461997,0.147231484478793,0.17537404144907673,Stock_07,-0.16670599265361422
2022-03-31,-0.15502364546461997,0.147231484478793,0.17537404144907673,Stock_08,-0.18492522816296342
2022-03-31,-0.15502364546461997,0.147231484478793,0.17537404144907673,Stock_09,0.031528408098167066
2022-03-31,-0.15502364546461997,0.147231484478793,0.17537404144907673,Stock_10,-0.1764931392290764
2022-03-31,-0.15502364546461997,0.147231484478793,0.17537404144907673,Stock_11,-0.011142874731591354
2022-03-31,-0.15502364546461997,0.147231484478793,0.17537404144907673,Stock_12,-0.418972812183037
2022-03-31,-0.15502364546461997,0.147231484478793,0.17537404144907673,Stock_13,0.012031257636868381
2022-03-31,-0.15502364546461997,0.147231484478793,0.17537404144907673,Stock_14,-0.05826417608381168
2022-03-31,-0.15502364546461997,0.147231484478793,0.17537404144907673,Stock_15,-0.29473728452994347
2022-04-30,-0.14739257260184865,0.012868968543350196,-0.04078244250948254,Stock_01,-0.084959158994126
2022-04-30,-0.14739257260184865,0.012868968543350196,-0.04078244250948254,Stock_02,-0.17824738388074837
2022-04-30,-0.14739257260184865,0.012868968543350196,-0.04078244250948254,Stock_03,-0.3307736112899314
2022-04-30,-0.14739257260184865,0.012868968543350196,-0.04078244250948254,Stock_04,-0.08438746662687018
2022-04-30,-0.14739257260184865,0.012868968543350196,-0.04078244250948254,Stock_05,-0.19076879443475445
2022-04-30,-0.14739257260184865,0.012868968543350196,-0.04078244250948254,Stock_06,-0.07783210803459095
2022-04-30,-0.14739257260184865,0.012868968543350196,-0.04078244250948254,Stock_07,-0.15097303670079454
2022-04-30,-0.14739257260184865,0.012868968543350196,-0.04078244250948254,Stock_08,-0.22931909450756682
2022-04-30,-0.14739257260184865,0.012868968543350196,-0.04078244250948254,Stock_09,-0.2121304255709355
2022-04-30,-0.14739257260184865,0.012868968543350196,-0.04078244250948254,Stock_10,-0.07221963424695509
2022-04-30,-0.14739257260184865,0.012868968543350196,-0.04078244250948254,Stock_11,-0.11405640553527006
2022-04-30,-0.14739257260184865,0.012868968543350196,-0.04078244250948254,Stock_12,-0.1545186419942196
2022-04-30,-0.14739257260184865,0.012868968543350196,-0.04078244250948254,Stock_13,0.09427540806824061
2022-04-30,-0.14739257260184865,0.012868968543350196,-0.04078244250948254,Stock_14,-0.23651106890396023
2022-04-30,-0.14739257260184865,0.012868968543350196,-0.04078244250948254,Stock_15,-0.2743501065236878
2022-05-31,-0.10157250446116922,-0.013825381193609182,-0.053915403030709,Stock_01,-0.10702441389190018
2022-05-31,-0.10157250446116922,-0.013825381193609182,-0.053915403030709,Stock_02,-0.09320002073762845
2022-05-31,-0.10157250446116922,-0.013825381193609182,-0.053915403030709,Stock_03,-0.22135369860767196
2022-05-31,-0.10157250446116922,-0.013825381193609182,-0.053915403030709,Stock_04,-0.13739427869053678
2022-05-31,-0.10157250446116922,-0.013825381193609182,-0.053915403030709,Stock_05,-0.174361621323885
2022-05-31,-0.10157250446116922,-0.013825381193609182,-0.053915403030709,Stock_06,-0.13618398255539985
2022-05-31,-0.10157250446116922,-0.013825381193609182,-0.053915403030709,Stock_07,-0.053085048376580325
2022-05-31,-0.10157250446116922,-0.013825381193609182,-0.053915403030709,Stock_08,-0.01907570265773173
2022-05-31,-0.10157250446116922,-0.013825381193609182,-0.053915403030709,Stock_09,-0.4154592757445883
2022-05-31,-0.10157250446116922,-0.013825381193609182,-0.053915403030709,Stock_10,-0.29233259522199656
2022-05-31,-0.10157250446116922,-0.013825381193609182,-0.053915403030709,Stock_11,0.14228562613017118
2022-05-31,-0.10157250446116922,-0.013825381193609182,-0.053915403030709,Stock_12,-0.10874421152016858
2022-05-31,-0.10157250446116922,-0.013825381193609182,-0.053915403030709,Stock_13,-0.0682827787830672
2022-05-31,-0.10157250446116922,-0.013825381193609182,-0.053915403030709,Stock_14,0.01652702531432742
2022-05-31,-0.10157250446116922,-0.013825381193609182,-0.053915403030709,Stock_15,-0.03428716008031456
2022-06-30,0.2868360019073929,0.08669829567671576,0.08911674710000263,Stock_01,0.32159815932052666
2022-06-30,0.2868360019073929,0.08669829567671576,0.08911674710000263,Stock_02,0.18520963651026123
2022-06-30,0.2868360019073929,0.08669829567671576,0.08911674710000263,Stock_03,0.46105194785162446
2022-06-30,0.2868360019073929,0.08669829567671576,0.08911674710000263,Stock_04,0.09874891019625154
2022-06-30,0.2868360019073929,0.08669829567671576,0.08911674710000263,Stock_05,0.2841445671718283
2022-06-30,0.2868360019073929,0.08669829567671576,0.08911674710000263,Stock_06,0.43762770804213624
2022-06-30,0.2868360019073929,0.08669829567671576,0.08911674710000263,Stock_07,0.02277112930151126
2022-06-30,0.2868360019073929,0.08669829567671576,0.08911674710000263,Stock_08,0.40843209416988613
2022-06-30,0.2868360019073929,0.08669829567671576,0.08911674710000263,Stock_09,0.1774568223708777
2022-06-30,0.2868360019073929,0.08669829567671576,0.08911674710000263,Stock_10,0.3050008727972444
2022-06-30,0.2868360019073929,0.08669829567671576,0.08911674710000263,Stock_11,0.10623324146919638
2022-06-30,0.2868360019073929,0.08669829567671576,0.08911674710000263,Stock_12,0.33398882235688054
2022-06-30,0.2868360019073929,0.08669829567671576,0.08911674710000263,Stock_13,0.32422840641289113
2022-06-30,0.2868360019073929,0.08669829567671576,0.08911674710000263,Stock_14,0.12513624073856316
2022-06-30,0.2868360019073929,0.08669829567671576,0.08911674710000263,Stock_15,0.22414694364022633
2022-07-31,-0.19488371848921865,0.06532647789325934,0.23087750249633895,Stock_01,-0.40667912425202246
2022-07-31,-0.19488371848921865,0.06532647789325934,0.23087750249633895,Stock_02,-0.27241430075086565
2022-07-31,-0.19488371848921865,0.06532647789325934,0.23087750249633895,Stock_03,-0.13845302761934128
2022-07-31,-0.19488371848921865,0.06532647789325934,0.23087750249633895,Stock_04,-0.13773129400682674
2022-07-31,-0.19488371848921865,0.06532647789325934,0.23087750249633895,Stock_05,-0.29498835901169934
2022-07-31,-0.19488371848921865,0.06532647789325934,0.23087750249633895,Stock_06,0.09299249306688945
2022-07-31,-0.19488371848921865,0.06532647789325934,0.23087750249633895,Stock_07,-0.23919279547287864
2022-07-31,-0.19488371848921865,0.06532647789325934,0.23087750249633895,Stock_08,-0.3009875367525428
2022-07-31,-0.19488371848921865,0.06532647789325934,0.23087750249633895,Stock_09,-0.17962080210689385
2022-07-31,-0.19488371848921865,0.06532647789325934,0.23087750249633895,Stock_10,-0.2196057191910962
2022-07-31,-0.19488371848921865,0.06532647789325934,0.23087750249633895,Stock_11,-0.34380080425442394
2022-07-31,-0.19488371848921865,0.06532647789325934,0.23087750249633895,Stock_12,-0.334958653413791
2022-07-31,-0.19488371848921865,0.06532647789325934,0.23087750249633895,Stock_13,-0.37271356230244856
2022-07-31,-0.19488371848921865,0.06532647789325934,0.23087750249633895,Stock_14,-0.27365420870817625
2022-07-31,-0.19488371848921865,0.06532647789325934,0.23087750249633895,Stock_15,-0.32326447285925825
2022-08-31,-0.09214410067613471,-0.06347201971959436,0.25364296926680896,Stock_01,-0.19066748425421484
2022-08-31,-0.09214410067613471,-0.06347201971959436,0.25364296926680896,Stock_02,0.05839498944917725
2022-08-31,-0.09214410067613471,-0.06347201971959436,0.25364296926680896,Stock_03,-0.05154246124983247
2022-08-31,-0.09214410067613471,-0.06347201971959436,0.25364296926680896,Stock_04,-0.11244123893007812
2022-08-31,-0.09214410067613471,-0.06347201971959436,0.25364296926680896,Stock_05,-0.3510116963636788
2022-08-31,-0.09214410067613471,-0.06347201971959436,0.25364296926680896,Stock_06,-0.21380339588347144
2022-08-31,-0.09214410067613471,-0.06347201971959436,0.25364296926680896,Stock_07,-0.05779991840389641
2022-08-31,-0.09214410067613471,-0.06347201971959436,0.25364296926680896,Stock_08,-0.06387213700165117
2022-08-31,-0.09214410067613471,-0.06347201971959436,0.25364296926680896,Stock_09,-0.22414091518598228
2022-08-31,-0.09214410067613471,-0.06347201971959436,0.25364296926680896,Stock_10,-0.24662629917897066
2022-08-31,-0.09214410067613471,-0.06347201971959436,0.25364296926680896,Stock_11,-0.08522904612433865
2022-08-31,-0.09214410067613471,-0.06347201971959436,0.25364296926680896,Stock_12,-0.3156560651028507
2022-08-31,-0.09214410067613471,-0.06347201971959436,0.25364296926680896,Stock_13,-0.337897533875798
2022-08-31,-0.09214410067613471,-0.06347201971959436,0.25364296926680896,Stock_14,-0.41657900233233847
2022-08-31,-0.09214410067613471,-0.06347201971959436,0.25364296926680896,Stock_15,-0.2850473057800793
2022-09-30,-0.09863392900160227,0.18147209504025066,-0.007306101438104461,Stock_01,-0.17072018492898475
2022-09-30,-0.09863392900160227,0.18147209504025066,-0.007306101438104461,Stock_02,-0.09421673808336949
2022-09-30,-0.09863392900160227,0.18147209504025066,-0.007306101438104461,Stock_03,-0.06533345694654188
2022-09-30,-0.09863392900160227,0.18147209504025066,-0.007306101438104461,Stock_04,-0.10207476537205978
2022-09-30,-0.09863392900160227,0.18147209504025066,-0.007306101438104461,Stock_05,-0.3576375700326275
2022-09-30,-0.09863392900160227,0.18147209504025066,-0.007306101438104461,Stock_06,0.1921598386158826
2022-09-30,-0.09863392900160227,0.18147209504025066,-0.007306101438104461,Stock_07,0.12762332390436948
2022-09-30,-0.09863392900160227,0.18147209504025066,-0.007306101438104461,Stock_08,-0.16375744834069117
2022-09-30,-0.09863392900160227,0.18147209504025066,-0.007306101438104461,Stock_09,-0.37386252074692694
2022-09-30,-0.09863392900160227,0.18147209504025066,-0.007306101438104461,Stock_10,-0.1282987476169094
2022-09-30,-0.09863392900160227,0.18147209504025066,-0.007306101438104461,Stock_11,-0.043231624477926583
2022-09-30,-0.09863392900160227,0.18147209504025066,-0.007306101438104461,Stock_12,-0.1449749728323611
2022-09-30,-0.09863392900160227,0.18147209504025066,-0.007306101438104461,Stock_13,-0.1174975665710585
2022-09-30,-0.09863392900160227,0.18147209504025066,-0.007306101438104461,Stock_14,-0.06503316422676358
2022-09-30,-0.09863392900160227,0.18147209504025066,-0.007306101438104461,Stock_15,0.06180578735296005
2022-10-31,0.4762186702104841,0.14424536829550422,0.05937586712682017,Stock_01,0.5708335791836837
2022-10-31,0.4762186702104841,0.14424536829550422,0.05937586712682017,Stock_02,0.6441203726193538
2022-10-31,0.4762186702104841,0.14424536829550422,0.05937586712682017,Stock_03,0.31730841205197813
2022-10-31,0.4762186702104841,0.14424536829550422,0.05937586712682017,Stock_04,0.6094604164925528
2022-10-31,0.4762186702104841,0.14424536829550422,0.05937586712682017,Stock_05,0.6221700436294657
2022-10-31,0.4762186702104841,0.14424536829550422,0.05937586712682017,Stock_06,0.7071986058579898
2022-10-31,0.4762186702104841,0.14424536829550422,0.05937586712682017,Stock_07,0.2718113409207146
2022-10-31,0.4762186702104841,0.14424536829550422,0.05937586712682017,Stock_08,0.31170895392819464
2022-10-31,0.4762186702104841,0.14424536829550422,0.05937586712682017,Stock_09,0.14789435527831718
2022-10-31,0.4762186702104841,0.14424536829550422,0.05937586712682017,Stock_10,0.35083838787635374
2022-10-31,0.4762186702104841,0.14424536829550422,0.05937586712682017,Stock_11,0.42599569685636
2022-10-31,0.4762186702104841,0.14424536829550422,0.05937586712682017,Stock_12,0.5994181796081125
2022-10-31,0.4762186702104841,0.14424536829550422,0.05937586712682017,Stock_13,0.26852674545375615
2022-10-31,0.4762186702104841,0.14424536829550422,0.05937586712682017,Stock_14,0.43638738514258246
2022-10-31,0.4762186702104841,0.14424536829550422,0.05937586712682017,Stock_15,0.5788478203635583
2022-11-30,0.2385050627921066,0.033636097465659355,-0.1896025390294459,Stock_01,0.19029300560819834
2022-11-30,0.2385050627921066,0.033636097465659355,-0.1896025390294459,Stock_02,0.18176071870883262
2022-11-30,0.2385050627921066,0.033636097465659355,-0.1896025390294459,Stock_03,0.06191375337423019
2022-11-30,0.2385050627921066,0.033636097465659355,-0.1896025390294459,Stock_04,0.36643874908570817
2022-11-30,0.2385050627921066,0.033636097465659355,-0.1896025390294459,Stock_05,0.44382021321044274
2022-11-30,0.2385050627921066,0.033636097465659355,-0.1896025390294459,Stock_06,0.39847360356954276
2022-11-30,0.2385050627921066,0.033636097465659355,-0.1896025390294459,Stock_07,0.13456958143125952
2022-11-30,0.2385050627921066,0.033636097465659355,-0.1896025390294459,Stock_08,0.250714931940838
2022-11-30,0.2385050627921066,0.033636097465659355,-0.1896025390294459,Stock_09,0.3072074809309517
2022-11-30,0.2385050627921066,0.033636097465659355,-0.1896025390294459,Stock_10,0.18823516339446814
2022-11-30,0.2385050627921066,0.033636097465659355,-0.1896025390294459,Stock_11,-0.052041135335539196
2022-11-30,0.2385050627921066,0.033636097465659355,-0.1896025390294459,Stock_12,0.4264791632040638
2022-11-30,0.2385050627921066,0.033636097465659355,-0.1896025390294459,Stock_13,0.2825134741291062
2022-11-30,0.2385050627921066,0.033636097465659355,-0.1896025390294459,Stock_14,0.0702165907638414
2022-11-30,0.2385050627921066,0.033636097465659355,-0.1896025390294459,Stock_15,0.10749947444693014
2022-12-31,-0.24027931391191606,0.1989027020207445,-0.05782527662189262,Stock_01,-0.3562065092008759
2022-12-31,-0.24027931391191606,0.1989027020207445,-0.05782527662189262,Stock_02,-0.3010384396724434
2022-12-31,-0.24027931391191606,0.1989027020207445,-0.05782527662189262,Stock_03,-0.34500479464088407
2022-12-31,-0.24027931391191606,0.1989027020207445,-0.05782527662189262,Stock_04,-0.27116095133897655
2022-12-31,-0.24027931391191606,0.1989027020207445,-0.05782527662189262,Stock_05,-0.488576028682826
2022-12-31,-0.24027931391191606,0.1989027020207445,-0.05782527662189262,Stock_06,-0.1291609084225464
2022-12-31,-0.24027931391191606,0.1989027020207445,-0.05782527662189262,Stock_07,-0.03355652874923751
2022-12-31,-0.24027931391191606,0.1989027020207445,-0.05782527662189262,Stock_08,-0.27408355647359584
2022-12-31,-0.24027931391191606,0.1989027020207445,-0.05782527662189262,Stock_09,-0.31838337439828684
2022-12-31,-0.24027931391191606,0.1989027020207445,-0.05782527662189262,Stock_10,-0.4319781064070739
2022-12-31,-0.24027931391191606,0.1989027020207445,-0.05782527662189262,Stock_11,-0.35157827004603553
2022-12-31,-0.24027931391191606,0.1989027020207445,-0.05782527662189262,Stock_12,-0.2713548477303717
2022-12-31,-0.24027931391191606,0.1989027020207445,-0.05782527662189262,Stock_13,-0.48174291199241054
2022-12-31,-0.24027931391191606,0.1989027020207445,-0.05782527662189262,Stock_14,-0.36873603460277704
2022-12-31,-0.24027931391191606,0.1989027020207445,-0.05782527662189262,Stock_15,-0.3236996661415621
2023-01-31,0.2867470785599478,-0.11135960435673684,0.2528794781173482,Stock_01,0.2114027089262226
2023-01-31,0.2867470785599478,-0.11135960435673684,0.2528794781173482,Stock_02,0.18623951266719743
2023-01-31,0.2867470785599478,-0.11135960435673684,0.2528794781173482,Stock_03,0.4323680885737511
2023-01-31,0.2867470785599478,-0.11135960435673684,0.2528794781173482,Stock_04,0.3394248595948921
2023-01-31,0.2867470785599478,-0.11135960435673684,0.2528794781173482,Stock_05,0.5915744016217752
2023-01-31,0.2867470785599478,-0.11135960435673684,0.2528794781173482,Stock_06,-0.1847591302645723
2023-01-31,0.2867470785599478,-0.11135960435673684,0.2528794781173482,Stock_07,0.15175089740658254
2023-01-31,0.2867470785599478,-0.11135960435673684,0.2528794781173482,Stock_08,0.3170746784644232
2023-01-31,0.2867470785599478,-0.11135960435673684,0.2528794781173482,Stock_09,0.2805577188322591
2023-01-31,0.2867470785599478,-0.11135960435673684,0.2528794781173482,Stock_10,0.2965117545125589
2023-01-31,0.2867470785599478,-0.11135960435673684,0.2528794781173482,Stock_11,0.2792729735784797
2023-01-31,0.2867470785599478,-0.11135960435673684,0.2528794781173482,Stock_12,0.3384506279725641
2023-01-31,0.2867470785599478,-0.11135960435673684,0.2528794781173482,Stock_13,0.14219207521665309
2023-01-31,0.2867470785599478,-0.11135960435673684,0.2528794781173482,Stock_14,-0.04035424228264067
2023-01-31,0.2867470785599478,-0.11135960435673684,0.2528794781173482,Stock_15,0.34369186200543544
2023-02-28,0.12460643602537236,-0.04942927023380617,-0.02554350877585106,Stock_01,0.09370819956556116
2023-02-28,0.12460643602537236,-0.04942927023380617,-0.02554350877585106,Stock_02,0.08603552474791895
2023-02-28,0.12460643602537236,-0.04942927023380617,-0.02554350877585106,Stock_03,0.213575120663637
2023-02-28,0.12460643602537236,-0.04942927023380617,-0.02554350877585106,Stock_04,0.07935086263423043
2023-02-28,0.12460643602537236,-0.04942927023380617,-0.02554350877585106,Stock_05,0.3252229510241427
2023-02-28,0.12460643602537236,-0.04942927023380617,-0.02554350877585106,Stock_06,0.3193107634973702
2023-02-28,0.12460643602537236,-0.04942927023380617,-0.02554350877585106,Stock_07,0.07139728139125232
2023-02-28,0.12460643602537236,-0.04942927023380617,-0.02554350877585106,Stock_08,0.16337039894775532
2023-02-28,0.12460643602537236,-0.04942927023380617,-0.02554350877585106,Stock_09,-0.13965079082942697
2023-02-28,0.12460643602537236,-0.04942927023380617,-0.02554350877585106,Stock_10,0.2769988572965181
2023-02-28,0.12460643602537236,-0.04942927023380617,-0.02554350877585106,Stock_11,-0.1388806464900159
2023-02-28,0.12460643602537236,-0.04942927023380617,-0.02554350877585106,Stock_12,0.18959844290591474
2023-02-28,0.12460643602537236,-0.04942927023380617,-0.02554350877585106,Stock_13,0.42785975793956543
2023-02-28,0.12460643602537236,-0.04942927023380617,-0.02554350877585106,Stock_14,0.21448191970360422
2023-02-28,0.12460643602537236,-0.04942927023380617,-0.02554350877585106,Stock_15,0.3165975499864425
2023-03-31,-0.12477486212260244,0.09810135144828046,-0.2263800379190935,Stock_01,-0.03246449511989799
2023-03-31,-0.12477486212260244,0.09810135144828046,-0.2263800379190935,Stock_02,-0.10636827005881543
2023-03-31,-0.12477486212260244,0.09810135144828046,-0.2263800379190935,Stock_03,-0.17743686135373626
2023-03-31,-0.12477486212260244,0.09810135144828046,-0.2263800379190935,Stock_04,0.005188837572626559
2023-03-31,-0.12477486212260244,0.09810135144828046,-0.2263800379190935,Stock_05,-0.12243228836676892
2023-03-31,-0.12477486212260244,0.09810135144828046,-0.2263800379190935,Stock_06,0.00794721761662106
2023-03-31,-0.12477486212260244,0.09810135144828046,-0.2263800379190935,Stock_07,-0.0030642681655987606
2023-03-31,-0.12477486212260244,0.09810135144828046,-0.2263800379190935,Stock_08,-0.3851533740606268
2023-03-31,-0.12477486212260244,0.09810135144828046,-0.2263800379190935,Stock_09,-0.39305015653854447
2023-03-31,-0.12477486212260244,0.09810135144828046,-0.2263800379190935,Stock_10,-0.10627007884295116
2023-03-31,-0.12477486212260244,0.09810135144828046,-0.2263800379190935,Stock_11,-0.4070009269197167
2023-03-31,-0.12477486212260244,0.09810135144828046,-0.2263800379190935,Stock_12,-0.15605650207177643
2023-03-31,-0.12477486212260244,0.09810135144828046,-0.2263800379190935,Stock_13,-0.18160790617379294
2023-03-31,-0.12477486212260244,0.09810135144828046,-0.2263800379190935,Stock_14,-0.1620916461369654
2023-03-31,-0.12477486212260244,0.09810135144828046,-0.2263800379190935,Stock_15,-0.33035554467023903
2023-04-30,0.2951169434358443,0.04847634769148607,0.3794566412437406,Stock_01,0.29743405680473756
2023-04-30,0.2951169434358443,0.04847634769148607,0.3794566412437406,Stock_02,0.32024996976894826
2023-04-30,0.2951169434358443,0.04847634769148607,0.3794566412437406,Stock_03,0.15635535095306383
2023-04-30,0.2951169434358443,0.04847634769148607,0.3794566412437406,Stock_04,0.44742499192034973
2023-04-30,0.2951169434358443,0.04847634769148607,0.3794566412437406,Stock_05,0.3572345286553866
2023-04-30,0.2951169434358443,0.04847634769148607,0.3794566412437406,Stock_06,0.06560333340611965
2023-04-30,0.2951169434358443,0.04847634769148607,0.3794566412437406,Stock_07,0.3661478512455709
2023-04-30,0.2951169434358443,0.04847634769148607,0.3794566412437406,Stock_08,0.3059337889290159
2023-04-30,0.2951169434358443,0.04847634769148607,0.3794566412437406,Stock_09,0.3362562487034898
2023-04-30,0.2951169434358443,0.04847634769148607,0.3794566412437406,Stock_10,0.1923014549823952
2023-04-30,0.2951169434358443,0.04847634769148607,0.3794566412437406,Stock_11,0.5583131028278355
2023-04-30,0.2951169434358443,0.04847634769148607,0.3794566412437406,Stock_12,0.1564509541631846
2023-04-30,0.2951169434358443,0.04847634769148607,0.3794566412437406,Stock_13,0.10722929393997863
2023-04-30,0.2951169434358443,0.04847634769148607,0.3794566412437406,Stock_14,-0.10591818933059544
2023-04-30,0.2951169434358443,0.04847634769148607,0.3794566412437406,Stock_15,0.1246467488879435
2023-05-31,-0.12028249547440167,-0.05536026261907066,0.23584787585451375,Stock_01,-0.2950330542046989
2023-05-31,-0.12028249547440167,-0.05536026261907066,0.23584787585451375,Stock_02,-0.08975647949576503
2023-05-31,-0.12028249547440167,-0.05536026261907066,0.23584787585451375,Stock_03,-0.22248742441145059
2023-05-31,-0.12028249547440167,-0.05536026261907066,0.23584787585451375,Stock_04,-0.1604613643068613
2023-05-31,-0.12028249547440167,-0.05536026261907066,0.23584787585451375,Stock_05,-0.05547484703011116
2023-05-31,-0.12028249547440167,-0.05536026261907066,0.23584787585451375,Stock_06,-0.16251641500444966
2023-05-31,-0.12028249547440167,-0.05536026261907066,0.23584787585451375,Stock_07,-0.07710888796393889
2023-05-31,-0.12028249547440167,-0.05536026261907066,0.23584787585451375,Stock_08,-0.07743427848953068
2023-05-31,-0.12028249547440167,-0.05536026261907066,0.23584787585451375,Stock_09,-0.09092581491092433
2023-05-31,-0.12028249547440167,-0.05536026261907066,0.23584787585451375,Stock_10,-0.2035493613268119
2023-05-31,-0.12028249547440167,-0.05536026261907066,0.23584787585451375,Stock_11,-0.21150384109687181
2023-05-31,-0.12028249547440167,-0.05536026261907066,0.23584787585451375,Stock_12,-0.2005813897261181
2023-05-31,-0.12028249547440167,-0.05536026261907066,0.23584787585451375,Stock_13,-0.10920672092407732
2023-05-31,-0.12028249547440167,-0.05536026261907066,0.23584787585451375,Stock_14,-0.40259214724964926
2023-05-31,-0.12028249547440167,-0.05536026261907066,0.23584787585451375,Stock_15,-0.146503295243856
2023-06-30,-0.036633477500481716,-0.047222415018581994,0.014041659444774875,Stock_01,-0.0714118035546818
2023-06-30,-0.036633477500481716,-0.047222415018581994,0.014041659444774875,Stock_02,-0.08612729899860766
2023-06-30,-0.036633477500481716,-0.047222415018581994,0.014041659444774875,Stock_03,-0.29952292752231746
2023-06-30,-0.036633477500481716,-0.047222415018581994,0.014041659444774875,Stock_04,-0.03990638067407394
2023-06-30,-0.036633477500481716,-0.047222415018581994,0.014041659444774875,Stock_05,-0.17841738305927424
2023-06-30,-0.036633477500481716,-0.047222415018581994,0.014041659444774875,Stock_06,-0.106066341296253
2023-06-30,-0.036633477500481716,-0.047222415018581994,0.014041659444774875,Stock_07,-0.18051462316192535
2023-06-30,-0.036633477500481716,-0.047222415018581994,0.014041659444774875,Stock_08,0.12302102151261676
2023-06-30,-0.036633477500481716,-0.047222415018581994,0.014041659444774875,Stock_09,-0.03335433112872935
2023-06-30,-0.036633477500481716,-0.047222415018581994,0.014041659444774875,Stock_10,-0.20924888169227254
2023-06-30,-0.036633477500481716,-0.047222415018581994,0.014041659444774875,Stock_11,-0.12841272510937995
2023-06-30,-0.036633477500481716,-0.047222415018581994,0.014041659444774875,Stock_12,-0.11432998765625171
2023-06-30,-0.036633477500481716,-0.047222415018581994,0.014041659444774875,Stock_13,0.05073780194444216
2023-06-30,-0.036633477500481716,-0.047222415018581994,0.014041659444774875,Stock_14,-0.10857537563321629
2023-06-30,-0.036633477500481716,-0.047222415018581994,0.014041659444774875,Stock_15,-0.14512811190459857
2023-07-31,0.02347687261255531,0.11117894979406186,-0.16174591381284142,Stock_01,0.09107859097102022
2023-07-31,0.02347687261255531,0.11117894979406186,-0.16174591381284142,Stock_02,0.1358800031636624
2023-07-31,0.02347687261255531,0.11117894979406186,-0.16174591381284142,Stock_03,0.22339549574355458
2023-07-31,0.02347687261255531,0.11117894979406186,-0.16174591381284142,Stock_04,0.04967947128283613
2023-07-31,0.02347687261255531,0.11117894979406186,-0.16174591381284142,Stock_05,0.12221550972657817
2023-07-31,0.02347687261255531,0.11117894979406186,-0.16174591381284142,Stock_06,0.043554684769597604
2023-07-31,0.02347687261255531,0.11117894979406186,-0.16174591381284142,Stock_07,-0.15882816172038908
2023-07-31,0.02347687261255531,0.11117894979406186,-0.16174591381284142,Stock_08,-0.1042388757977252
2023-07-31,0.02347687261255531,0.11117894979406186,-0.16174591381284142,Stock_09,0.11359118305085002
2023-07-31,0.02347687261255531,0.11117894979406186,-0.16174591381284142,Stock_10,0.09750492387402795
2023-07-31,0.02347687261255531,0.11117894979406186,-0.16174591381284142,Stock_11,0.14261768371071026
2023-07-31,0.02347687261255531,0.11117894979406186,-0.16174591381284142,Stock_12,0.053959179746163766
2023-07-31,0.02347687261255531,0.11117894979406186,-0.16174591381284142,Stock_13,0.14974052399909177
2023-07-31,0.02347687261255531,0.11117894979406186,-0.16174591381284142,Stock_14,-0.13503891518185857
2023-07-31,0.02347687261255531,0.11117894979406186,-0.16174591381284142,Stock_15,-0.005751645569238701
2023-08-31,-0.11324230675491449,-0.09508820471565171,0.12025266273709652,Stock_01,-0.08105911462199553
2023-08-31,-0.11324230675491449,-0.09508820471565171,0.12025266273709652,Stock_02,-0.20437388923417388
2023-08-31,-0.11324230675491449,-0.09508820471565171,0.12025266273709652,Stock_03,0.05317593066035539
2023-08-31,-0.11324230675491449,-0.09508820471565171,0.12025266273709652,Stock_04,-0.14085784861628609
2023-08-31,-0.11324230675491449,-0.09508820471565171,0.12025266273709652,Stock_05,-0.19341389214965832
2023-08-31,-0.11324230675491449,-0.09508820471565171,0.12025266273709652,Stock_06,-0.4684165414161765
2023-08-31,-0.11324230675491449,-0.09508820471565171,0.12025266273709652,Stock_07,0.03290576361866679
2023-08-31,-0.11324230675491449,-0.09508820471565171,0.12025266273709652,Stock_08,-0.11107719198498577
2023-08-31,-0.11324230675491449,-0.09508820471565171,0.12025266273709652,Stock_09,-0.4244783882297109
2023-08-31,-0.11324230675491449,-0.09508820471565171,0.12025266273709652,Stock_10,-0.0985960208850124
2023-08-31,-0.11324230675491449,-0.09508820471565171,0.12025266273709652,Stock_11,0.023677349158845118
2023-08-31,-0.11324230675491449,-0.09508820471565171,0.12025266273709652,Stock_12,-0.24020747270010168
2023-08-31,-0.11324230675491449,-0.09508820471565171,0.12025266273709652,Stock_13,-0.14037799154745642
2023-08-31,-0.11324230675491449,-0.09508820471565171,0.12025266273709652,Stock_14,-0.11351312893517447
2023-08-31,-0.11324230675491449,-0.09508820471565171,0.12025266273709652,Stock_15,0.06191207703875552
2023-09-30,-0.0849891281324757,0.25188148776692804,0.06319867147201093,Stock_01,-0.11569941051022709
2023-09-30,-0.0849891281324757,0.25188148776692804,0.06319867147201093,Stock_02,0.04221527057297626
2023-09-30,-0.0849891281324757,0.25188148776692804,0.06319867147201093,Stock_03,0.22512436746328468
2023-09-30,-0.0849891281324757,0.25188148776692804,0.06319867147201093,Stock_04,-0.029625073313035676
2023-09-30,-0.0849891281324757,0.25188148776692804,0.06319867147201093,Stock_05,-0.01528288514035038
2023-09-30,-0.0849891281324757,0.25188148776692804,0.06319867147201093,Stock_06,0.0023745785641729952
2023-09-30,-0.0849891281324757,0.25188148776692804,0.06319867147201093,Stock_07,-0.12601912742085214
2023-09-30,-0.0849891281324757,0.25188148776692804,0.06319867147201093,Stock_08,-0.08637762951276737
2023-09-30,-0.0849891281324757,0.25188148776692804,0.06319867147201093,Stock_09,-0.19583116275914883
2023-09-30,-0.0849891281324757,0.25188148776692804,0.06319867147201093,Stock_10,-0.2684935664764802
2023-09-30,-0.0849891281324757,0.25188148776692804,0.06319867147201093,Stock_11,0.006018911334701643
2023-09-30,-0.0849891281324757,0.25188148776692804,0.06319867147201093,Stock_12,-0.14111355236744635
2023-09-30,-0.0849891281324757,0.25188148776692804,0.06319867147201093,Stock_13,-0.06031856874545996
2023-09-30,-0.0849891281324757,0.25188148776692804,0.06319867147201093,Stock_14,0.010678683279743986
2023-09-30,-0.0849891281324757,0.25188148776692804,0.06319867147201093,Stock_15,-0.17890166896372287
2023-10-31,-0.30157649321404734,-0.09751422107002182,-0.2042389146768435,Stock_01,-0.4645051475415993
2023-10-31,-0.30157649321404734,-0.09751422107002182,-0.2042389146768435,Stock_02,-0.3216968828385125
2023-10-31,-0.30157649321404734,-0.09751422107002182,-0.2042389146768435,Stock_03,-0.36339745223718994
2023-10-31,-0.30157649321404734,-0.09751422107002182,-0.2042389146768435,Stock_04,-0.46915693612338377
2023-10-31,-0.30157649321404734,-0.09751422107002182,-0.2042389146768435,Stock_05,-0.3447607392342869
2023-10-31,-0.30157649321404734,-0.09751422107002182,-0.2042389146768435,Stock_06,-0.34876106782793115
2023-10-31,-0.30157649321404734,-0.09751422107002182,-0.2042389146768435,Stock_07,-0.2468087653876014
2023-10-31,-0.30157649321404734,-0.09751422107002182,-0.2042389146768435,Stock_08,-0.37908425392314976
2023-10-31,-0.30157649321404734,-0.09751422107002182,-0.2042389146768435,Stock_09,-0.21572242884853715
2023-10-31,-0.30157649321404734,-0.09751422107002182,-0.2042389146768435,Stock_10,-0.03591270805566263
2023-10-31,-0.30157649321404734,-0.09751422107002182,-0.2042389146768435,Stock_11,-0.29296345218799297
2023-10-31,-0.30157649321404734,-0.09751422107002182,-0.2042389146768435,Stock_12,-0.4322161384151272
2023-10-31,-0.30157649321404734,-0.09751422107002182,-0.2042389146768435,Stock_13,-0.20672329975295142
2023-10-31,-0.30157649321404734,-0.09751422107002182,-0.2042389146768435,Stock_14,-0.1031177637740186
2023-10-31,-0.30157649321404734,-0.09751422107002182,-0.2042389146768435,Stock_15,-0.2363535720683603
2023-11-30,0.12493533734183233,0.2537626654597908,0.06503727158520914,Stock_01,0.07862853351273781
2023-11-30,0.12493533734183233,0.2537626654597908,0.06503727158520914,Stock_02,0.09050105316922973
2023-11-30,0.12493533734183233,0.2537626654597908,0.06503727158520914,Stock_03,0.060206296055703934
2023-11-30,0.12493533734183233,0.2537626654597908,0.06503727158520914,Stock_04,0.08363953962356327
2023-11-30,0.12493533734183233,0.2537626654597908,0.06503727158520914,Stock_05,0.24623829682630177
2023-11-30,0.12493533734183233,0.2537626654597908,0.06503727158520914,Stock_06,0.2664511621960789
2023-11-30,0.12493533734183233,0.2537626654597908,0.06503727158520914,Stock_07,0.17705309679157652
2023-11-30,0.12493533734183233,0.2537626654597908,0.06503727158520914,Stock_08,0.042023517539410964
2023-11-30,0.12493533734183233,0.2537626654597908,0.06503727158520914,Stock_09,0.05365481901207118
2023-11-30,0.12493533734183233,0.2537626654597908,0.06503727158520914,Stock_10,0.06536640125899454
2023-11-30,0.12493533734183233,0.2537626654597908,0.06503727158520914,Stock_11,0.023304566140418134
2023-11-30,0.12493533734183233,0.2537626654597908,0.06503727158520914,Stock_12,0.06814135308596506
2023-11-30,0.12493533734183233,0.2537626654597908,0.06503727158520914,Stock_13,-0.28731273943008534
2023-11-30,0.12493533734183233,0.2537626654597908,0.06503727158520914,Stock_14,0.09580325687499595
2023-11-30,0.12493533734183233,0.2537626654597908,0.06503727158520914,Stock_15,0.03543722718068827
2023-12-31,0.3215663334084426,-0.027327100478787322,-0.004401474430819625,Stock_01,0.4144065814586337
2023-12-31,0.3215663334084426,-0.027327100478787322,-0.004401474430819625,Stock_02,0.18349764109567931
2023-12-31,0.3215663334084426,-0.027327100478787322,-0.004401474430819625,Stock_03,0.01752455794986646
2023-12-31,0.3215663334084426,-0.027327100478787322,-0.004401474430819625,Stock_04,0.2531072444510152
2023-12-31,0.3215663334084426,-0.027327100478787322,-0.004401474430819625,Stock_05,0.23099432713838855
2023-12-31,0.3215663334084426,-0.027327100478787322,-0.004401474430819625,Stock_06,-0.04772130432531668
2023-12-31,0.3215663334084426,-0.027327100478787322,-0.004401474430819625,Stock_07,0.11516663061462294
2023-12-31,0.3215663334084426,-0.027327100478787322,-0.004401474430819625,Stock_08,0.4427961511140108
2023-12-31,0.3215663334084426,-0.027327100478787322,-0.004401474430819625,Stock_09,0.16883822591506215
2023-12-31,0.3215663334084426,-0.027327100478787322,-0.004401474430819625,Stock_10,0.05960802891288955
2023-12-31,0.3215663334084426,-0.027327100478787322,-0.004401474430819625,Stock_11,0.3205906735597907
2023-12-31,0.3215663334084426,-0.027327100478787322,-0.004401474430819625,Stock_12,0.39543502454573354
2023-12-31,0.3215663334084426,-0.027327100478787322,-0.004401474430819625,Stock_13,0.4433515014661527
2023-12-31,0.3215663334084426,-0.027327100478787322,-0.004401474430819625,Stock_14,0.22296694003745532
2023-12-31,0.3215663334084426,-0.027327100478787322,-0.004401474430819625,Stock_15,0.3261078002326848
2024-01-31,0.0676044934289424,-0.23526324558953077,0.14033899475814104,Stock_01,0.09218279458763243
2024-01-31,0.0676044934289424,-0.23526324558953077,0.14033899475814104,Stock_02,0.1824789774653064
2024-01-31,0.0676044934289424,-0.23526324558953077,0.14033899475814104,Stock_03,-0.1365350352437015
2024-01-31,0.0676044934289424,-0.23526324558953077,0.14033899475814104,Stock_04,0.03794443550793011
2024-01-31,0.0676044934289424,-0.23526324558953077,0.14033899475814104,Stock_05,0.03744580165641022
2024-01-31,0.0676044934289424,-0.23526324558953077,0.14033899475814104,Stock_06,-0.2780492180984815
2024-01-31,0.0676044934289424,-0.23526324558953077,0.14033899475814104,Stock_07,0.18662247873815863
2024-01-31,0.0676044934289424,-0.23526324558953077,0.14033899475814104,Stock_08,0.16548334449879332
2024-01-31,0.0676044934289424,-0.23526324558953077,0.14033899475814104,Stock_09,0.19924688750167596
2024-01-31,0.0676044934289424,-0.23526324558953077,0.14033899475814104,Stock_10,0.10102632104062614
2024-01-31,0.0676044934289424,-0.23526324558953077,0.14033899475814104,Stock_11,0.09314963968414376
2024-01-31,0.0676044934289424,-0.23526324558953077,0.14033899475814104,Stock_12,0.10210925536305268
2024-01-31,0.0676044934289424,-0.23526324558953077,0.14033899475814104,Stock_13,0.2960277662795169
2024-01-31,0.0676044934289424,-0.23526324558953077,0.14033899475814104,Stock_14,-0.11192966428167268
2024-01-31,0.0676044934289424,-0.23526324558953077,0.14033899475814104,Stock_15,0.1610938100682229
2024-02-29,0.048960646750096176,-0.04642386764832758,0.09523509674240391,Stock_01,0.08529398644405245
2024-02-29,0.048960646750096176,-0.04642386764832758,0.09523509674240391,Stock_02,0.4444169979315162
2024-02-29,0.048960646750096176,-0.04642386764832758,0.09523509674240391,Stock_03,-0.05187241574590032
2024-02-29,0.048960646750096176,-0.04642386764832758,0.09523509674240391,Stock_04,0.13971336327621356
2024-02-29,0.048960646750096176,-0.04642386764832758,0.09523509674240391,Stock_05,-0.008771284785933399
2024-02-29,0.048960646750096176,-0.04642386764832758,0.09523509674240391,Stock_06,-0.16797584256883852
2024-02-29,0.048960646750096176,-0.04642386764832758,0.09523509674240391,Stock_07,-0.018333690856972583
2024-02-29,0.048960646750096176,-0.04642386764832758,0.09523509674240391,Stock_08,0.026919449769188517
2024-02-29,0.048960646750096176,-0.04642386764832758,0.09523509674240391,Stock_09,-0.02906675939482213
2024-02-29,0.048960646750096176,-0.04642386764832758,0.09523509674240391,Stock_10,0.05182624449923261
2024-02-29,0.048960646750096176,-0.04642386764832758,0.09523509674240391,Stock_11,0.03234064466200063
2024-02-29,0.048960646750096176,-0.04642386764832758,0.09523509674240391,Stock_12,0.06481099274900348
2024-02-29,0.048960646750096176,-0.04642386764832758,0.09523509674240391,Stock_13,0.22630603371565286
2024-02-29,0.048960646750096176,-0.04642386764832758,0.09523509674240391,Stock_14,-0.10395891849441848
2024-02-29,0.048960646750096176,-0.04642386764832758,0.09523509674240391,Stock_15,0.027742720302060868
2024-03-31,-0.11799598963307247,0.18600504049466232,0.14265381060399787,Stock_01,-0.3581735699775805
2024-03-31,-0.11799598963307247,0.18600504049466232,0.14265381060399787,Stock_02,-0.14054343031680636
2024-03-31,-0.11799598963307247,0.18600504049466232,0.14265381060399787,Stock_03,-0.05915487576913768
2024-03-31,-0.11799598963307247,0.18600504049466232,0.14265381060399787,Stock_04,0.06660690797517449
2024-03-31,-0.11799598963307247,0.18600504049466232,0.14265381060399787,Stock_05,-0.08437119366462237
2024-03-31,-0.11799598963307247,0.18600504049466232,0.14265381060399787,Stock_06,-0.23100036859680334
2024-03-31,-0.11799598963307247,0.18600504049466232,0.14265381060399787,Stock_07,-0.25907935336737203
2024-03-31,-0.11799598963307247,0.18600504049466232,0.14265381060399787,Stock_08,0.021465607001744075
2024-03-31,-0.11799598963307247,0.18600504049466232,0.14265381060399787,Stock_09,0.01906774052486332
2024-03-31,-0.11799598963307247,0.18600504049466232,0.14265381060399787,Stock_10,-0.21666134380309962
2024-03-31,-0.11799598963307247,0.18600504049466232,0.14265381060399787,Stock_11,-0.25316564102744865
2024-03-31,-0.11799598963307247,0.18600504049466232,0.14265381060399787,Stock_12,-0.3545663814914036
2024-03-31,-0.11799598963307247,0.18600504049466232,0.14265381060399787,Stock_13,-0.11820397959325046
2024-03-31,-0.11799598963307247,0.18600504049466232,0.14265381060399787,Stock_14,0.06809580926817288
2024-03-31,-0.11799598963307247,0.18600504049466232,0.14265381060399787,Stock_15,-0.5471112444670232
2024-04-30,-0.10239724130807225,-0.09877836524342345,-0.18124956793291014,Stock_01,0.17291208270202954
2024-04-30,-0.10239724130807225,-0.09877836524342345,-0.18124956793291014,Stock_02,-0.016877780601585013
2024-04-30,-0.10239724130807225,-0.09877836524342345,-0.18124956793291014,Stock_03,0.014236051701287458
2024-04-30,-0.10239724130807225,-0.09877836524342345,-0.18124956793291014,Stock_04,-0.089205149923976
2024-04-30,-0.10239724130807225,-0.09877836524342345,-0.18124956793291014,Stock_05,-0.08592224248380247
2024-04-30,-0.10239724130807225,-0.09877836524342345,-0.18124956793291014,Stock_06,-0.06409262730582646
2024-04-30,-0.10239724130807225,-0.09877836524342345,-0.18124956793291014,Stock_07,0.11497446306961297
2024-04-30,-0.10239724130807225,-0.09877836524342345,-0.18124956793291014,Stock_08,-0.10627487001581531
2024-04-30,-0.10239724130807225,-0.09877836524342345,-0.18124956793291014,Stock_09,-0.31484984506453395
2024-04-30,-0.10239724130807225,-0.09877836524342345,-0.18124956793291014,Stock_10,-0.008083720564832943
2024-04-30,-0.10239724130807225,-0.09877836524342345,-0.18124956793291014,Stock_11,-0.0051322399726587975
2024-04-30,-0.10239724130807225,-0.09877836524342345,-0.18124956793291014,Stock_12,-0.07657555489072218
2024-04-30,-0.10239724130807225,-0.09877836524342345,-0.18124956793291014,Stock_13,-0.1386552542388007
2024-04-30,-0.10239724130807225,-0.09877836524342345,-0.18124956793291014,Stock_14,0.047949243370653774
2024-04-30,-0.10239724130807225,-0.09877836524342345,-0.18124956793291014,Stock_15,-0.12172568158549829
2024-05-31,-0.0077810927593061786,0.0985279137553431,-0.008838244592509882,Stock_01,0.01283245087800888
2024-05-31,-0.0077810927593061786,0.0985279137553431,-0.008838244592509882,Stock_02,0.15663729824707542
2024-05-31,-0.0077810927593061786,0.0985279137553431,-0.008838244592509882,Stock_03,-0.2702345187495417
2024-05-31,-0.0077810927593061786,0.0985279137553431,-0.008838244592509882,Stock_04,-0.05944297690363326
2024-05-31,-0.0077810927593061786,0.0985279137553431,-0.008838244592509882,Stock_05,0.06887102233045576
2024-05-31,-0.0077810927593061786,0.0985279137553431,-0.008838244592509882,Stock_06,0.04353669057680864
2024-05-31,-0.0077810927593061786,0.0985279137553431,-0.008838244592509882,Stock_07,-0.06628135106524165
2024-05-31,-0.0077810927593061786,0.0985279137553431,-0.008838244592509882,Stock_08,0.01983162704231313
2024-05-31,-0.0077810927593061786,0.0985279137553431,-0.008838244592509882,Stock_09,0.05700412874713981
2024-05-31,-0.0077810927593061786,0.0985279137553431,-0.008838244592509882,Stock_10,0.12653898713982206
2024-05-31,-0.0077810927593061786,0.0985279137553431,-0.008838244592509882,Stock_11,-0.258283150712532
2024-05-31,-0.0077810927593061786,0.0985279137553431,-0.008838244592509882,Stock_12,0.006711904624902912
2024-05-31,-0.0077810927593061786,0.0985279137553431,-0.008838244592509882,Stock_13,-0.0021868230397923544
2024-05-31,-0.0077810927593061786,0.0985279137553431,-0.008838244592509882,Stock_14,0.18844453020677712
2024-05-31,-0.0077810927593061786,0.0985279137553431,-0.008838244592509882,Stock_15,-0.05724201971774825
2024-06-30,-0.11140168848119666,-0.3334318518963259,-0.038777035445613055,Stock_01,-0.29843829831637525
2024-06-30,-0.11140168848119666,-0.3334318518963259,-0.038777035445613055,Stock_02,-0.18484276460857585
2024-06-30,-0.11140168848119666,-0.3334318518963259,-0.038777035445613055,Stock_03,-0.03078944992065169
2024-06-30,-0.11140168848119666,-0.3334318518963259,-0.038777035445613055,Stock_04,-0.24505406173730004
2024-06-30,-0.11140168848119666,-0.3334318518963259,-0.038777035445613055,Stock_05,-0.18823030068589583
2024-06-30,-0.11140168848119666,-0.3334318518963259,-0.038777035445613055,Stock_06,-0.05074547055017825
2024-06-30,-0.11140168848119666,-0.3334318518963259,-0.038777035445613055,Stock_07,-0.19881911494019944
2024-06-30,-0.11140168848119666,-0.3334318518963259,-0.038777035445613055,Stock_08,0.001416114444510612
2024-06-30,-0.11140168848119666,-0.3334318518963259,-0.038777035445613055,Stock_09,-0.46499971384521577
2024-06-30,-0.11140168848119666,-0.3334318518963259,-0.038777035445613055,Stock_10,0.01789216841914287
2024-06-30,-0.11140168848119666,-0.3334318518963259,-0.038777035445613055,Stock_11,-0.29607208841396654
2024-06-30,-0.11140168848119666,-0.3334318518963259,-0.038777035445613055,Stock_12,-0.03866361773528064
2024-06-30,-0.11140168848119666,-0.3334318518963259,-0.038777035445613055,Stock_13,0.38024646242792254
2024-06-30,-0.11140168848119666,-0.3334318518963259,-0.038777035445613055,Stock_14,0.1109814630750906
2024-06-30,-0.11140168848119666,-0.3334318518963259,-0.038777035445613055,Stock_15,0.1771361001244081
2024-07-31,-0.039625203058046794,-0.13125405822233838,-0.05397449654121905,Stock_01,0.07238352804469506
2024-07-31,-0.039625203058046794,-0.13125405822233838,-0.05397449654121905,Stock_02,0.11512545992930973
2024-07-31,-0.039625203058046794,-0.13125405822233838,-0.05397449654121905,Stock_03,-0.08183474007825589
2024-07-31,-0.039625203058046794,-0.13125405822233838,-0.05397449654121905,Stock_04,-0.006476330799079458
2024-07-31,-0.039625203058046794,-0.13125405822233838,-0.05397449654121905,Stock_05,-0.030598575408966672
2024-07-31,-0.039625203058046794,-0.13125405822233838,-0.05397449654121905,Stock_06,0.216055598933526
2024-07-31,-0.039625203058046794,-0.13125405822233838,-0.05397449654121905,Stock_07,-0.11875016350120238
2024-07-31,-0.039625203058046794,-0.13125405822233838,-0.05397449654121905,Stock_08,-0.02227456876208351
2024-07-31,-0.039625203058046794,-0.13125405822233838,-0.05397449654121905,Stock_09,0.06833137001222245
2024-07-31,-0.039625203058046794,-0.13125405822233838,-0.05397449654121905,Stock_10,0.020307596611106076
2024-07-31,-0.039625203058046794,-0.13125405822233838,-0.05397449654121905,Stock_11,-0.10567668535816924
2024-07-31,-0.039625203058046794,-0.13125405822233838,-0.05397449654121905,Stock_12,-0.10283300102881879
2024-07-31,-0.039625203058046794,-0.13125405822233838,-0.05397449654121905,Stock_13,0.0024024435832811844
2024-07-31,-0.039625203058046794,-0.13125405822233838,-0.05397449654121905,Stock_14,-0.02827461388371868
2024-07-31,-0.039625203058046794,-0.13125405822233838,-0.05397449654121905,Stock_15,-0.008093557136910432
2024-08-31,-0.03890794837241945,0.08416849930831168,0.01640948021176376,Stock_01,0.039393022439117374
2024-08-31,-0.03890794837241945,0.08416849930831168,0.01640948021176376,Stock_02,-0.003973151106116214
2024-08-31,-0.03890794837241945,0.08416849930831168,0.01640948021176376,Stock_03,0.09836490549634233
2024-08-31,-0.03890794837241945,0.08416849930831168,0.01640948021176376,Stock_04,0.04642833219648518
2024-08-31,-0.03890794837241945,0.08416849930831168,0.01640948021176376,Stock_05,0.0770515963695299
2024-08-31,-0.03890794837241945,0.08416849930831168,0.01640948021176376,Stock_06,0.20834095454810592
2024-08-31,-0.03890794837241945,0.08416849930831168,0.01640948021176376,Stock_07,-0.21755561098469675
2024-08-31,-0.03890794837241945,0.08416849930831168,0.01640948021176376,Stock_08,-0.17731739258026638
2024-08-31,-0.03890794837241945,0.08416849930831168,0.01640948021176376,Stock_09,-0.07520235793138978
2024-08-31,-0.03890794837241945,0.08416849930831168,0.01640948021176376,Stock_10,0.13812323102841922
2024-08-31,-0.03890794837241945,0.08416849930831168,0.01640948021176376,Stock_11,-0.08164095231927762
2024-08-31,-0.03890794837241945,0.08416849930831168,0.01640948021176376,Stock_12,-0.06076609028078508
2024-08-31,-0.03890794837241945,0.08416849930831168,0.01640948021176376,Stock_13,-0.29044309581909433
2024-08-31,-0.03890794837241945,0.08416849930831168,0.01640948021176376,Stock_14,0.0936666579359052
2024-08-31,-0.03890794837241945,0.08416849930831168,0.01640948021176376,Stock_15,0.022506287595909266
2024-09-30,-0.30801435209999,-0.31776165806917955,-0.20528497637673288,Stock_01,-0.3734402490558505
2024-09-30,-0.30801435209999,-0.31776165806917955,-0.20528497637673288,Stock_02,-0.16583271591064314
2024-09-30,-0.30801435209999,-0.31776165806917955,-0.20528497637673288,Stock_03,-0.3553985275235606
2024-09-30,-0.30801435209999,-0.31776165806917955,-0.20528497637673288,Stock_04,-0.5232659233817568
2024-09-30,-0.30801435209999,-0.31776165806917955,-0.20528497637673288,Stock_05,-0.2821575910259052
2024-09-30,-0.30801435209999,-0.31776165806917955,-0.20528497637673288,Stock_06,-0.18386341020849942
2024-09-30,-0.30801435209999,-0.31776165806917955,-0.20528497637673288,Stock_07,-0.13454060902824205
2024-09-30,-0.30801435209999,-0.31776165806917955,-0.20528497637673288,Stock_08,-0.2327276908709533
2024-09-30,-0.30801435209999,-0.31776165806917955,-0.20528497637673288,Stock_09,-0.468836126868208
2024-09-30,-0.30801435209999,-0.31776165806917955,-0.20528497637673288,Stock_10,-0.1722707261679764
2024-09-30,-0.30801435209999,-0.31776165806917955,-0.20528497637673288,Stock_11,-0.23835246293599965
2024-09-30,-0.30801435209999,-0.31776165806917955,-0.20528497637673288,Stock_12,-0.05080790770834212
2024-09-30,-0.30801435209999,-0.31776165806917955,-0.20528497637673288,Stock_13,-0.09112001699224193
2024-09-30,-0.30801435209999,-0.31776165806917955,-0.20528497637673288,Stock_14,-0.13727861795784543
2024-09-30,-0.30801435209999,-0.31776165806917955,-0.20528497637673288,Stock_15,-0.279431130257134
2024-10-31,0.005562828853491372,0.12774380980197422,0.09952042765332374,Stock_01,-0.15131019126611098
2024-10-31,0.005562828853491372,0.12774380980197422,0.09952042765332374,Stock_02,0.11078244916818403
2024-10-31,0.005562828853491372,0.12774380980197422,0.09952042765332374,Stock_03,-0.05291961916040777
2024-10-31,0.005562828853491372,0.12774380980197422,0.09952042765332374,Stock_04,0.0009219946880676816
2024-10-31,0.005562828853491372,0.12774380980197422,0.09952042765332374,Stock_05,-0.02020627509104997
2024-10-31,0.005562828853491372,0.12774380980197422,0.09952042765332374,Stock_06,0.2553332691979749
2024-10-31,0.005562828853491372,0.12774380980197422,0.09952042765332374,Stock_07,-0.27635813871567694
2024-10-31,0.005562828853491372,0.12774380980197422,0.09952042765332374,Stock_08,-0.0024123347351746594
2024-10-31,0.005562828853491372,0.12774380980197422,0.09952042765332374,Stock_09,0.048910655734447556
2024-10-31,0.005562828853491372,0.12774380980197422,0.09952042765332374,Stock_10,-0.3060759799095936
2024-10-31,0.005562828853491372,0.12774380980197422,0.09952042765332374,Stock_11,-0.09652149419445391
2024-10-31,0.005562828853491372,0.12774380980197422,0.09952042765332374,Stock_12,-0.042072169699183495
2024-10-31,0.005562828853491372,0.12774380980197422,0.09952042765332374,Stock_13,0.26899100748921356
2024-10-31,0.005562828853491372,0.12774380980197422,0.09952042765332374,Stock_14,-0.19998599144918244
2024-10-31,0.005562828853491372,0.12774380980197422,0.09952042765332374,Stock_15,0.08175847869537334
2024-11-30,-0.18762108633417093,0.09530433267085037,0.07657078499504898,Stock_01,-0.5795285432523283
2024-11-30,-0.18762108633417093,0.09530433267085037,0.07657078499504898,Stock_02,-0.11814560108761846
2024-11-30,-0.18762108633417093,0.09530433267085037,0.07657078499504898,Stock_03,-0.3181884578180865
2024-11-30,-0.18762108633417093,0.09530433267085037,0.07657078499504898,Stock_04,-0.2435462049130021
2024-11-30,-0.18762108633417093,0.09530433267085037,0.07657078499504898,Stock_05,-0.24509279347023083
2024-11-30,-0.18762108633417093,0.09530433267085037,0.07657078499504898,Stock_06,-0.12439059316698368
2024-11-30,-0.18762108633417093,0.09530433267085037,0.07657078499504898,Stock_07,-0.14642964497342711
2024-11-30,-0.18762108633417093,0.09530433267085037,0.07657078499504898,Stock_08,-0.36678027824025733
2024-11-30,-0.18762108633417093,0.09530433267085037,0.07657078499504898,Stock_09,-0.17660645197605526
2024-11-30,-0.18762108633417093,0.09530433267085037,0.07657078499504898,Stock_10,-0.06044064944441466
2024-11-30,-0.18762108633417093,0.09530433267085037,0.07657078499504898,Stock_11,-0.3614441633894669
2024-11-30,-0.18762108633417093,0.09530433267085037,0.07657078499504898,Stock_12,-0.3523417655896241
2024-11-30,-0.18762108633417093,0.09530433267085037,0.07657078499504898,Stock_13,-0.02915596684187377
2024-11-30,-0.18762108633417093,0.09530433267085037,0.07657078499504898,Stock_14,0.05556983133899257
2024-11-30,-0.18762108633417093,0.09530433267085037,0.07657078499504898,Stock_15,-0.27144543420637524
2024-12-31,0.20507292437591382,-0.10319795191015411,0.014786753816095786,Stock_01,0.0006634843642650545
2024-12-31,0.20507292437591382,-0.10319795191015411,0.014786753816095786,Stock_02,0.13033454145307072
2024-12-31,0.20507292437591382,-0.10319795191015411,0.014786753816095786,Stock_03,0.0504079412506265
2024-12-31,0.20507292437591382,-0.10319795191015411,0.014786753816095786,Stock_04,0.2606848732725197
2024-12-31,0.20507292437591382,-0.10319795191015411,0.014786753816095786,Stock_05,0.17744806954026082
2024-12-31,0.20507292437591382,-0.10319795191015411,0.014786753816095786,Stock_06,0.08164267897570994
2024-12-31,0.20507292437591382,-0.10319795191015411,0.014786753816095786,Stock_07,0.035346441300863604
2024-12-31,0.20507292437591382,-0.10319795191015411,0.014786753816095786,Stock_08,0.26242268311986217
2024-12-31,0.20507292437591382,-0.10319795191015411,0.014786753816095786,Stock_09,0.00014255718631767111
2024-12-31,0.20507292437591382,-0.10319795191015411,0.014786753816095786,Stock_10,0.1567518979718176
2024-12-31,0.20507292437591382,-0.10319795191015411,0.014786753816095786,Stock_11,0.008274533885683028
2024-12-31,0.20507292437591382,-0.10319795191015411,0.014786753816095786,Stock_12,0.33772186648143254
2024-12-31,0.20507292437591382,-0.10319795191015411,0.014786753816095786,Stock_13,0.05688614692734198
2024-12-31,0.20507292437591382,-0.10319795191015411,0.014786753816095786,Stock_14,-0.08781686858095991
2024-12-31,0.20507292437591382,-0.10319795191015411,0.014786753816095786,Stock_15,0.45203616748430486
